City ID,City,Country,Max Temp,Lat,Lng,Humidity,Cloudiness,Wind Speed
2022572,Khatanga,RU,-4.56,71.9667,102.5,94,98,13.76
1106677,Bambous Virieux,MU,74.21,-20.3428,57.7575,75,93,5.32
4030556,Rikitea,PF,79.21,-23.1203,-134.9692,70,48,15.52
3831208,Qaanaaq,GL,-20.94,77.484,-69.3632,70,97,7.16
2074865,Carnarvon,AU,80.67,-24.8667,113.6333,69,0,6.91
3372964,Lagoa,PT,58.66,39.05,-27.9833,68,1,15.84
3883457,Lebu,CL,59.85,-37.6167,-73.65,81,28,21.14
2138285,Tadine,NC,79.61,-21.55,167.8833,92,100,14.07
3424607,Tasiilaq,GL,12.36,65.6145,-37.6368,54,100,9.22
2206874,Waipawa,NZ,71.46,-41.4122,175.5153,66,100,5.59
2126123,Chokurdakh,RU,-23.31,70.6333,147.9167,98,100,11.52
4513583,Hamilton,US,47.59,39.1834,-84.5333,53,75,11.5
219414,Basoko,CD,71.91,1.2391,23.616,67,92,0.89
6165406,Thompson,CA,-0.24,55.7435,-97.8558,60,100,5.75
964432,Port Alfred,ZA,65.1,-33.5906,26.891,86,2,9.26
2255304,Sémbé,CG,72.72,1.6481,14.5806,36,100,0.87
921889,Fomboni,KM,82.11,-12.28,43.7425,74,100,7.31
986717,Kruisfontein,ZA,61.36,-34.0033,24.7314,79,0,6.22
2019718,Mukhen,RU,11.21,48.1,136.1,82,27,2.06
2658494,Steffisburg,CH,40.24,46.7781,7.6325,70,89,1.14
5106841,Albany,US,39.78,42.6001,-73.9662,67,66,4.45
6201424,Mataura,NZ,73.47,-46.1927,168.8643,53,44,2.51
3430863,Mar del Plata,AR,69.87,-38.0023,-57.5575,90,85,13.0
3652764,Puerto Ayora,EC,73.9,-0.7393,-90.3518,81,91,6.98
3533462,Acapulco de Juárez,MX,82.22,16.8634,-99.8901,65,40,8.05
2075265,Busselton,AU,71.04,-33.65,115.3333,46,4,9.71
1735106,George Town,MY,78.89,5.4112,100.3354,92,20,3.44
2654970,Brae,GB,35.51,60.3964,-1.353,69,99,20.94
2012530,Zhigansk,RU,-34.2,66.7697,123.3711,98,84,8.16
4231997,Avera,US,52.72,33.194,-82.5271,52,0,6.6
2239862,Malanje,AO,60.17,-9.5402,16.341,97,17,4.07
1166652,Saddiqabad,PK,54.84,28.3062,70.1307,47,0,1.7
3874787,Punta Arenas,CL,48.31,-53.15,-70.9167,53,40,26.46
1795632,Shenjiamen,CN,43.95,29.9576,122.298,80,100,12.66
5911745,Burns Lake,CA,47.62,54.2331,-125.7533,78,97,15.55
922704,Lubumbashi,CD,63.21,-11.6609,27.4794,98,100,2.91
3374083,Bathsheba,BB,77.61,13.2167,-59.5167,73,75,17.27
5848280,Kapaa,US,79.12,22.0752,-159.319,68,0,10.36
4034551,Faanui,PF,81.23,-16.4833,-151.75,76,78,13.98
2745909,Provincie Utrecht,NL,49.08,52.0,5.25,95,100,4.0
1819729,Hong Kong,HK,65.95,22.2855,114.1577,84,95,8.01
4255151,Bud,US,42.89,39.447,-86.1758,81,100,11.07
935215,Saint-Philippe,RE,74.79,-21.3585,55.7679,80,24,2.8
6185377,Yellowknife,CA,-6.59,62.456,-114.3525,87,100,16.11
1735799,Sri Aman,MY,77.09,1.2376,111.4621,94,40,0.0
3466165,Cidreira,BR,72.1,-30.1811,-50.2056,70,99,14.09
2063039,Port Keats,AU,86.86,-14.25,129.55,64,22,7.31
1734879,Buloh Kasap,MY,76.91,2.5536,102.764,97,100,2.19
4032243,Vaini,TO,80.19,-21.2,-175.2,84,12,19.35
3833367,Ushuaia,AR,47.86,-54.8,-68.3,46,40,20.71
3899695,Ancud,CL,58.53,-41.8697,-73.8203,75,100,8.01
5122534,Jamestown,US,45.72,42.097,-79.2353,45,0,9.22
1503153,Klyuchi,RU,-18.99,52.2667,79.1667,100,86,4.54
5880054,Barrow,US,-21.98,71.2906,-156.7887,69,100,11.5
777019,Vardø,NO,28.99,70.3705,31.1107,77,100,20.38
1252795,Yanam,IN,68.4,16.7333,82.2167,82,43,2.68
2206939,Bluff,NZ,73.8,-46.6,168.3333,89,67,10.27
2127878,Mutsu,JP,37.0,41.2894,141.2169,60,99,3.76
5546220,Saint George,US,66.79,37.1041,-113.5841,20,0,24.16
546105,Nikolskoye,RU,35.71,59.7035,30.7861,98,100,10.92
107304,Buraidah,SA,57.65,26.326,43.975,32,1,11.81
5563839,Fortuna,US,67.42,40.5982,-124.1573,57,20,9.22
1266216,Kondagaon,IN,61.43,19.6,81.6667,72,94,2.13
1855540,Naze,JP,58.12,28.3667,129.4833,80,100,14.5
2071860,Esperance,AU,69.64,-33.8667,121.9,59,7,10.51
667303,Sfântu Gheorghe,RO,36.27,45.8667,25.7833,98,100,0.92
2122493,Omsukchan,RU,-11.51,62.5333,155.8,75,68,3.38
5282297,Bethel,US,37.51,41.3712,-73.414,71,0,3.44
915471,Kalabo,ZM,66.29,-14.97,22.6814,93,100,3.94
2126199,Cherskiy,RU,-39.84,68.75,161.3,99,90,5.08
4032420,Neiafu,TO,81.41,-18.65,-173.9833,78,100,24.02
933416,Manyana,BW,74.55,-23.4,21.7167,52,99,5.3
2294915,Takoradze,GH,78.37,4.8845,-1.7554,89,35,6.53
3418910,Upernavik,GL,-14.31,72.7868,-56.1549,81,100,12.91
2374583,Bubaque,GW,77.72,11.2833,-15.8333,71,3,5.32
10722858,Forsytheganj,BY,35.47,52.6333,29.7333,100,100,12.73
1519275,Shar,KZ,-2.36,49.5886,81.0453,99,100,2.01
2017155,Saskylakh,RU,-2.06,71.9167,114.0833,92,99,12.15
1282256,Hithadhoo,MV,81.61,-0.6,73.0833,74,10,10.94
3386213,Touros,BR,81.5,-5.1989,-35.4608,70,69,10.25
3369157,Cape Town,ZA,68.88,-33.9258,18.4232,84,75,5.75
1251081,Anuradhapura,LK,72.41,8.3565,80.4173,79,98,3.13
1015776,Bredasdorp,ZA,65.52,-34.5322,20.0403,88,100,1.14
86049,Jalu,LY,49.51,29.0331,21.5482,58,5,10.76
3115824,Muros,ES,53.24,42.7762,-9.0603,94,32,5.39
2186111,Ngunguru,NZ,77.16,-35.6167,174.5,84,86,11.25
3421719,Narsaq,GL,16.02,60.9167,-46.05,71,99,9.64
3347019,Mossamedes,AO,72.09,-15.1961,12.1522,84,98,7.2
2360372,Gorom-Gorom,BF,71.55,14.4439,-0.2361,11,0,9.84
3472864,Águas Formosas,BR,71.69,-17.0822,-40.9358,93,52,0.54
3514007,Zongozotla,MX,53.85,19.9833,-97.7333,95,100,1.12
3382160,Cayenne,GF,76.08,4.9333,-52.3333,91,100,2.3
2063036,Port Lincoln,AU,69.13,-34.7333,135.8667,52,46,9.22
3372707,Ribeira Grande,PT,59.5,38.5167,-28.7,71,1,15.35
2163355,Hobart,AU,72.01,-42.8794,147.3294,45,40,14.97
1633419,Padang,ID,75.25,-0.9492,100.3543,60,100,3.49
6162949,Terrace,CA,46.31,54.5163,-128.6035,93,75,28.77
2110227,Butaritari,KI,81.99,3.0707,172.7902,77,100,14.16
3366880,Hermanus,ZA,67.89,-34.4187,19.2345,88,99,2.46
4844309,Torrington,US,36.37,41.8007,-73.1212,74,99,4.94
3450083,Santa Maria,BR,69.1,-29.6842,-53.8069,68,0,4.61
2015306,Tiksi,RU,-12.98,71.6872,128.8694,93,100,12.73
1006984,East London,ZA,67.95,-33.0153,27.9116,77,0,5.68
5866583,Saint Paul Harbor,US,20.71,57.79,-152.4072,33,0,9.22
610298,Beyneu,KZ,31.71,45.3167,55.2,81,100,20.49
2022083,Alekseyevsk,RU,-26.91,57.8406,108.3492,100,99,0.76
3372760,Praia da Vitória,PT,57.45,38.7333,-27.0667,88,40,14.92
1644932,Ende,ID,83.3,-8.8432,121.6623,75,100,2.24
2108857,Gizo Government Station,SB,83.01,-8.103,156.8419,76,77,10.83
3405940,Bayeux,BR,81.23,-7.125,-34.9322,74,0,8.05
5855927,Hilo,US,78.53,19.7297,-155.09,69,75,8.05
1791247,Wuhan,CN,35.69,30.5833,114.2667,75,6,4.32
933759,Ghanzi,BW,71.78,-21.5667,21.7833,54,2,8.32
5859699,College,US,-2.54,64.8569,-147.8028,76,100,0.0
128477,Kashan,IR,47.37,33.9831,51.4364,27,0,0.67
1803886,Lianran,CN,37.94,24.9227,102.485,59,33,3.09
2177671,Armidale,AU,75.81,-30.5167,151.65,30,0,7.02
2155415,New Norfolk,AU,71.65,-42.7826,147.0587,31,17,8.41
5134295,Rome,US,44.4,43.2128,-75.4557,70,100,5.75
6096551,Pangnirtung,CA,-19.26,66.1451,-65.7125,98,100,4.52
1853371,Ryōtsu-minato,JP,35.56,38.0833,138.4333,67,100,10.58
1492827,Novoseleznëvo,RU,-9.09,55.6821,69.2056,99,37,5.93
3466980,Caravelas,BR,77.18,-17.7125,-39.2481,88,80,5.84
4031574,Provideniya,RU,-2.09,64.3833,-173.3,60,0,20.13
2136150,Luganville,VU,86.16,-15.5333,167.1667,66,100,4.97
5969025,Haines Junction,CA,42.75,60.7522,-137.5108,56,18,12.66
2618795,Klaksvík,FO,34.72,62.2266,-6.589,61,100,21.25
1799491,Neijiang,CN,43.92,29.5835,105.0622,75,94,3.2
3423146,Ilulissat,GL,15.82,69.2167,-51.1,79,40,19.57
4020109,Atuona,PF,78.71,-9.8,-139.0333,75,9,16.82
6089245,Norman Wells,CA,-7.56,65.282,-126.8329,64,100,11.5
779622,Havøysund,NO,23.88,70.9963,24.6622,81,100,10.65
2084442,Vanimo,PG,85.84,-2.6741,141.3028,65,40,1.21
3576994,Cockburn Town,TC,77.97,21.4612,-71.1419,74,0,20.29
1812521,Donghai,CN,57.94,22.9459,115.642,77,72,4.74
2399001,Mayumba,GA,76.69,-3.432,10.6554,91,100,4.63
982899,Lichtenburg,ZA,65.08,-26.152,26.1597,50,40,1.1
3467545,Cândido de Abreu,BR,69.53,-24.5669,-51.3333,76,49,1.36
933995,Souillac,MU,74.35,-20.5167,57.5167,77,80,3.67
1516048,Khovd,MN,-9.11,48.0056,91.6419,93,98,2.89
4013679,Coahuayana Viejo,MX,85.48,18.7333,-103.6833,67,0,3.18
2208248,Kaitangata,NZ,67.93,-46.2817,169.8464,82,88,3.49
110690,Faya,SA,57.31,18.3851,42.4509,83,8,3.78
6620339,Karratha,AU,87.06,-20.7377,116.8463,62,6,14.36
1337607,Kudahuvadhoo,MV,80.85,2.6708,72.8944,72,51,8.81
1648636,Bitung,ID,83.25,1.4451,125.1824,79,89,8.23
3430708,Mercedes,AR,73.83,-34.6515,-59.4307,66,0,10.92
2123814,Leningradskiy,RU,-28.3,69.3833,178.4167,97,86,6.26
3839307,Rawson,AR,64.62,-43.3002,-65.1023,84,100,10.02
5861897,Fairbanks,US,-2.7,64.8378,-147.7164,76,100,0.0
1513990,Gazli,UZ,40.89,40.1333,63.45,50,0,11.1
1059507,Marovoay,MG,77.14,-16.1,46.6333,97,100,2.86
2542997,Marrakesh,MA,64.47,31.6315,-8.0083,34,3,10.36
5344157,Dublin,US,74.71,37.7021,-121.9358,31,0,6.91
1497337,Kayerkan,RU,-4.49,69.3497,87.7602,76,100,9.06
4870239,Oskaloosa,US,38.41,41.2964,-92.6444,67,87,14.41
5983720,Iqaluit,CA,-25.31,63.7506,-68.5145,74,75,11.5
4132093,Springdale,US,55.53,36.1867,-94.1288,33,0,9.22
286245,Sur,OM,66.92,22.5667,59.5289,66,5,2.59
3354071,Oranjemund,NA,63.66,-28.55,16.4333,89,1,7.76
3408368,Acaraú,BR,78.85,-2.8856,-40.12,75,44,9.73
1056899,Sambava,MG,75.61,-14.2667,50.1667,91,100,4.94
1071296,Antalaha,MG,74.98,-14.9003,50.2788,92,80,4.12
2856530,Osterhofen,DE,40.28,48.7,13.0167,93,20,2.8
3448903,São João da Barra,BR,69.08,-21.6403,-41.0511,95,100,9.55
8079926,Labuhan,ID,79.75,-6.8844,112.2051,80,100,8.21
4787534,Sterling,US,50.29,39.0062,-77.4286,54,20,6.91
1224061,Wattegama,LK,72.52,6.7989,81.4808,84,93,2.8
3446077,Três Pontas,BR,62.47,-21.3667,-45.5125,92,100,4.27
3840092,Puerto Madryn,AR,67.87,-42.7692,-65.0385,67,100,11.3
6167817,Torbay,CA,34.57,47.6666,-52.7314,91,75,13.8
3381041,Mana,GF,76.77,5.6592,-53.7767,83,15,7.29
5354943,Half Moon Bay,US,74.8,37.4636,-122.4286,30,0,14.97
3466594,Cavalcante,BR,69.01,-13.7975,-47.4583,92,100,1.03
1645528,Denpasar,ID,78.46,-8.65,115.2167,88,75,2.3
1501795,Krivosheino,RU,-15.97,57.3431,83.9261,98,56,4.94
1651810,Airai,TL,70.2,-8.9266,125.4092,76,75,0.51
2127202,Anadyr,RU,-25.1,64.75,177.4833,75,0,6.71
1529484,Kumul,CN,25.5,42.8,93.45,40,100,6.64
2514301,Mahon,ES,46.96,39.8885,4.2658,81,0,5.75
3471451,Arraial do Cabo,BR,70.77,-22.9661,-42.0278,87,98,6.6
582447,Almaznyy,RU,30.34,48.0448,40.045,87,100,9.89
964420,Port Elizabeth,ZA,64.62,-33.918,25.5701,83,12,8.23
3985710,Cabo San Lucas,MX,74.5,22.8909,-109.9124,60,20,8.05
286621,Salalah,OM,68.09,17.0151,54.0924,21,0,8.05
1715015,Dicabisagan,PH,78.78,17.0818,122.4157,74,63,4.7
2025241,Churapcha,RU,-21.87,62.0025,132.4325,96,97,3.11
1283217,Khanbari,NP,47.75,27.3747,87.2039,84,94,5.19
1738050,Marabu,MY,78.94,4.4148,114.0089,94,40,2.3
5660340,Kalispell,US,41.38,48.1958,-114.3129,72,100,3.44
5955902,Fort Nelson,CA,9.99,58.8053,-122.7002,85,75,3.44
2082539,Merauke,ID,83.25,-8.4667,140.3333,76,78,8.68
1268686,Beri,IN,50.45,25.9031,79.8902,95,0,5.75
3443061,Chui,UY,65.61,-33.6971,-53.4616,76,0,8.63
6101141,Penticton,CA,47.68,49.4806,-119.5858,67,75,10.36
6050066,La Ronge,CA,10.65,55.1001,-105.2842,79,100,4.61
5118693,Glens Falls,US,40.96,43.3095,-73.644,79,0,1.99
6170031,Tuktoyaktuk,CA,-22.0,69.4541,-133.0374,76,75,18.41
6111696,Port-Cartier,CA,28.74,50.0334,-66.8654,94,100,6.53
3466704,Castro,BR,59.97,-24.7911,-50.0119,97,7,7.14
5044290,Saint Anthony,US,30.13,45.0205,-93.218,73,100,18.41
3398076,Ipueiras,BR,76.48,-7.0333,-40.45,63,100,6.06
1642773,Japura,ID,72.52,-0.3167,102.35,95,100,1.61
1214026,Sabang,ID,80.71,5.8933,95.3214,76,100,9.19
1272140,Dwārka,IN,69.1,22.2394,68.9678,47,6,12.64
2063042,Port Hedland,AU,86.05,-20.3167,118.5667,70,12,19.57
2729907,Longyearbyen,SJ,13.84,78.2186,15.6401,85,40,5.75
487928,Novikovo,RU,30.4,51.1537,37.8879,88,86,10.89
511196,Perm,RU,24.26,58.0174,56.2855,74,75,11.18
2128072,Shiraoi,JP,17.62,42.55,141.35,74,9,1.97
5746545,Portland,US,60.46,45.5234,-122.6762,71,75,3.44
1640972,Katobu,ID,77.74,-4.9408,122.5276,91,100,5.99
1270543,Hāflong,IN,52.99,25.1833,93.0333,76,14,0.31
1517637,Ushtobe,KZ,25.56,45.2514,77.9838,97,100,5.84
3472473,Alto Araguaia,BR,68.97,-17.3147,-53.2153,91,100,3.65
2246550,Dagana,MR,75.18,16.5165,-15.5068,8,24,11.39
3515484,Tlacolula,MX,74.07,16.9542,-96.4792,74,82,7.99
3421982,Maniitsoq,GL,16.59,65.4167,-52.9,93,100,10.98
3355672,Lüderitz,NA,73.54,-26.6481,15.1594,52,76,17.02
1524302,Ereymentau,KZ,-7.24,51.6199,73.1033,100,86,5.17
2255564,Ouésso,CG,72.48,1.6136,16.0517,33,81,3.67
4726521,San Patricio,US,66.88,28.017,-97.5169,49,3,8.79
2460546,Banamba,ML,69.73,13.55,-7.45,13,1,9.93
2514651,Los Llanos de Aridane,ES,68.13,28.6585,-17.9182,41,0,3.44
2180815,Tuatapere,NZ,73.81,-46.1333,167.6833,48,16,1.92
2510573,Teguise,ES,68.22,29.0605,-13.564,43,0,5.75
1814087,Dalian,CN,30.13,38.9122,121.6022,86,2,0.0
1235846,Matara,LK,74.62,5.9485,80.5353,84,75,3.83
1636308,Manokwari,ID,77.81,-0.8667,134.0833,84,100,7.87
1507390,Dikson,RU,5.32,73.5069,80.5464,94,100,20.83
2122090,Pevek,RU,-31.52,69.7008,170.3133,99,100,5.26
2156643,Mount Gambier,AU,69.71,-37.8333,140.7667,49,75,14.97
89113,Ajdabiya,LY,48.78,30.7554,20.2263,67,0,7.83
3424901,Aasiaat,GL,-2.15,68.7098,-52.8699,96,100,19.64
3932145,Pisco,PE,72.01,-13.7,-76.2167,88,40,4.61
5364271,Laguna,US,76.84,38.421,-121.4238,46,0,5.75
5367788,Lompoc,US,84.51,34.6391,-120.4579,28,0,9.22
2022773,Khandyga,RU,-29.69,62.6667,135.6,98,93,0.58
2381334,Atar,MR,68.67,20.5169,-13.0499,12,13,9.73
2097418,Finschhafen,PG,84.34,-6.6024,147.8681,74,100,5.1
4032369,Pangai,TO,80.71,-19.8,-174.35,82,58,23.76
921906,Domoni,KM,79.2,-12.2569,44.5319,85,99,8.86
2264557,Ponta do Sol,PT,65.12,32.6667,-17.1,45,100,4.79
2122104,Petropavlovsk-Kamchatskiy,RU,19.99,53.0452,158.6483,79,75,8.95
2016307,Solnechnyy,RU,6.84,50.7214,136.6319,90,99,2.13
2324767,Potiskum,NG,63.59,11.7091,11.0694,10,12,10.04
3336897,La Rioja,ES,36.05,42.25,-2.5,55,0,4.9
2121385,Severo-Kuril'sk,RU,31.01,50.6789,156.125,75,100,19.19
1652203,Xam Nua,LA,59.18,20.4197,104.0439,85,35,1.81
3674130,Mutatá,CO,74.12,7.2441,-76.4356,98,100,1.16
3929631,San Isidro,PE,71.51,-12.1167,-77.05,63,0,4.61
5380437,Pacific Grove,US,75.42,36.6177,-121.9166,51,0,8.01
3128760,Barcelona,ES,49.86,41.3888,2.159,84,0,4.61
2268406,Evora,PT,45.54,38.5667,-7.9,66,3,5.14
2094746,Kandrian,PG,86.77,-6.2167,149.55,63,96,5.44
3374120,Vila do Maio,CV,73.17,15.1333,-23.2167,81,100,7.2
1128239,Rūdbār,AF,51.93,30.15,62.6,27,0,7.4
1490591,Suslovo,RU,-16.1,56.2167,88.1167,94,6,7.25
2214432,Nālūt,LY,44.8,30.3333,10.85,58,2,12.88
2451184,Sikasso,ML,74.34,10.9167,-7.0,17,0,2.89
1497549,Nizhneudinsk,RU,-13.45,54.9076,99.0276,98,100,1.36
2077895,Alice Springs,AU,81.95,-23.7,133.8833,34,0,12.66
3351380,Caconda,AO,56.52,-13.7333,15.0667,93,100,2.33
4204007,Kingsland,US,51.82,30.8,-81.6898,89,0,3.02
5870133,Nome,US,-11.13,64.5011,-165.4064,70,20,6.91
1487048,Vkhodnoy,RU,-7.71,54.9518,73.1711,77,0,8.95
2610343,Vestmanna,FO,32.92,62.1564,-7.1664,75,100,10.36
2157698,Mildura,AU,70.07,-34.2,142.15,49,97,10.36
352628,Maţāy,EG,47.84,28.419,30.7792,63,1,8.14
3372472,Vila Franca do Campo,PT,58.19,37.7167,-25.4333,79,28,9.01
1062553,Mahanoro,MG,75.25,-19.9,48.8,92,14,2.42
6095751,Oxbow,CA,22.95,49.2333,-102.1676,97,10,4.07
3628473,San Cristobal,VE,73.58,7.7669,-72.225,91,92,1.61
1244926,Hambantota,LK,73.74,6.1241,81.1185,100,20,4.61
145724,Lucapa,AO,64.56,-8.4192,20.7447,82,100,1.97
665790,Sulina,RO,36.07,45.1559,29.6536,80,7,7.58
2444995,Filingué,NE,70.99,14.3521,3.3168,12,0,10.92
777682,Skjervøy,NO,29.55,70.0311,20.9714,60,95,13.15
2019135,Nizhniy Kuranakh,RU,-20.13,58.8353,125.4869,98,100,1.45
1226260,Trincomalee,LK,78.3,8.5711,81.2335,83,100,11.68
1609278,Laem Sing,TH,84.42,12.4816,102.0738,92,59,1.23
3391287,Prainha,BR,74.12,-1.8,-53.48,94,100,1.34
6255012,Flinders,AU,86.81,-34.5833,150.8552,56,5,5.99
1140025,Herat Province,AF,42.78,34.5,62.0,38,0,7.9
2455290,Kidal,ML,67.28,18.4411,1.4078,8,0,7.36
2331140,Makurdi,NG,79.27,7.7411,8.5121,14,8,4.68
2319078,Wawa,NG,78.12,9.9022,4.4192,21,3,6.04
730866,Isperih,BG,36.0,43.7167,26.8333,77,6,6.04
4207783,Marietta,US,55.76,33.9526,-84.5499,44,0,6.91
3622716,Nicoya,CR,81.95,10.1483,-85.452,65,21,7.2
934479,Grand Gaube,MU,74.37,-20.0064,57.6608,75,99,4.0
3422683,Kangaatsiaq,GL,-9.6,68.3065,-53.4641,98,100,15.48
5703673,Elko,US,50.02,41.0002,-115.5012,75,5,3.56
2094342,Kavieng,PG,84.04,-2.5744,150.7967,72,30,5.86
1698289,Pundaguitan,PH,80.8,6.3711,126.1689,78,100,10.67
5404476,Ukiah,US,76.96,39.1502,-123.2078,32,0,3.44
1648186,Bontang,ID,76.44,0.1333,117.5,90,100,3.29
1795196,Tongchuanshi,CN,32.61,35.0806,109.0897,65,100,2.62
1517323,Zhanakorgan,KZ,30.76,43.9098,67.2495,81,16,8.93
3458266,Macaé,BR,71.35,-22.3708,-41.7869,100,100,2.3
3573374,The Valley,AI,78.66,18.217,-63.0578,65,0,20.47
1337605,Mahibadhoo,MV,80.62,3.7833,72.9667,76,42,8.39
4036284,Alofi,NU,85.89,-19.0595,-169.9187,70,75,9.22
2171099,Codrington,AU,65.89,-38.2667,141.9667,57,93,14.85
6144312,Sept-Îles,CA,29.05,50.2001,-66.3821,92,100,9.22
3936456,Lima,PE,70.39,-12.0432,-77.0282,56,0,4.61
553310,Kamyshevatskaya,RU,36.48,46.4132,37.9563,83,100,12.06
2150163,Sawtell,AU,84.18,-30.3833,153.1,58,0,6.91
4021858,Guerrero Negro,MX,66.42,27.9769,-114.0611,44,0,9.24
60019,Eyl,SO,71.67,7.9803,49.8164,73,2,14.88
5110365,Broome,US,43.38,42.2506,-75.833,61,0,10.0
2119283,Zyryanka,RU,-30.62,65.75,150.85,91,64,5.08
2309528,Luba,GQ,78.69,3.4568,8.5547,82,31,6.22
2448083,Agadez,NE,57.49,19.75,10.25,17,0,10.13
3445026,Vila Velha,BR,75.15,-20.3297,-40.2925,86,75,6.91
2455216,Kita,ML,73.74,13.0349,-9.4895,13,0,5.48
2126710,Beringovskiy,RU,-16.37,63.05,179.3167,86,2,10.51
4589446,North Myrtle Beach,US,48.11,33.816,-78.68,72,0,4.61
1506268,Gornopravdinsk,RU,-3.08,60.05,69.9,95,6,7.2
2191562,Dunedin,NZ,64.4,-45.8742,170.5036,90,88,5.84
3356264,Keetmanshoop,NA,79.97,-26.5833,18.1333,25,74,11.52
3577430,Road Town,VG,77.04,18.4167,-64.6167,83,40,8.05
2134814,Sola,VU,82.17,-13.8833,167.55,79,100,25.86
470473,Vygonichi,RU,32.11,53.0985,34.0673,80,100,8.95
2100933,Ambunti,PG,86.68,-4.2365,142.8448,66,93,1.97
878281,Lindi,TZ,73.22,-10.0,39.7167,97,100,2.93
995573,Hoopstad,ZA,69.01,-27.8327,25.9083,50,2,5.44
2181625,Te Anau,NZ,74.25,-45.4167,167.7167,41,0,7.23
6690296,Saint-Joseph,RE,73.78,-21.3667,55.6167,80,13,3.09
5850554,Makakilo City,US,79.68,21.3469,-158.0858,58,75,13.8
2092164,Lorengau,PG,84.36,-2.0226,147.2712,73,78,6.15
2647349,Hatfield,GB,48.09,51.7634,-0.2242,94,100,5.75
4035249,Lufilufi,WS,91.18,-13.8745,-171.5986,78,82,14.2
1159716,Sarakhs,IR,42.94,36.5449,61.1577,70,0,4.61
3414079,Olafsvik,IS,25.86,64.8945,-23.7142,56,90,7.29
905846,Mpika,ZM,60.15,-11.8343,31.4529,93,100,2.55
3356832,Henties Bay,NA,67.86,-22.116,14.2845,85,0,5.75
3412093,Vestmannaeyjar,IS,25.77,63.4427,-20.2734,71,92,19.62
3665210,Rodrigues Alves,BR,71.26,-7.738,-72.6509,99,99,2.08
5815135,Washington,US,50.47,47.5001,-120.5015,72,100,1.66
5924351,Clyde River,CA,-14.57,70.4692,-68.5914,76,100,19.57
3395503,Marabá,BR,72.61,-5.3686,-49.1178,98,98,0.72
4031742,Egvekinot,RU,-21.42,66.3167,-179.1667,89,45,5.86
1863521,Gōtsuchō,JP,41.14,35.0,132.2167,61,99,1.03
4470244,Havelock,US,49.95,34.8791,-76.9013,88,0,2.1
5847411,Kahului,US,85.26,20.8947,-156.47,60,40,17.27
1735022,Temerloh,MY,72.88,3.4483,102.4176,98,100,0.58
1512101,Agirish,RU,9.16,61.9247,63.0231,93,96,11.39
2126018,De-Kastri,RU,10.6,51.4667,140.7833,87,85,7.27
3460940,Itacaré,BR,82.29,-14.2775,-38.9967,86,0,5.68
3981345,Topolobampo,MX,71.51,25.6,-109.05,33,75,12.66
535417,Lev Tolstoy,RU,21.22,53.2134,39.446,97,100,5.99
3860443,Comodoro Rivadavia,AR,73.26,-45.8667,-67.5,17,0,14.97
4356289,Glenn Dale,US,49.53,38.9876,-76.8205,60,0,0.0
2070998,Geraldton,AU,72.01,-28.7667,114.6,56,0,10.36
3137469,Sørland,NO,40.14,67.667,12.6934,77,100,31.0
5884051,Alliston,CA,39.69,44.1501,-79.8663,74,100,6.91
2436400,Ati,TD,62.67,13.2154,18.3353,12,0,10.78
4362001,Mayo,US,49.08,38.8876,-76.5119,67,0,9.22
3390295,Rio Formoso,BR,82.36,-8.6636,-35.1586,77,76,7.16
1835848,Seoul,KR,29.8,37.5683,126.9778,69,0,3.44
6111862,Port Hardy,CA,46.58,50.6996,-127.4199,87,75,4.61
196231,Isiolo,KE,67.3,0.3546,37.5822,46,9,5.06
2428231,Massaguet,TD,68.04,12.4755,15.4365,12,0,9.69
2281951,Sassandra,CI,77.41,4.95,-6.0833,93,7,4.12
1501377,Kungurtug,RU,-20.43,50.5994,97.5228,99,100,1.34
2293342,Adzopé,CI,72.25,6.1069,-3.8619,98,3,2.3
778707,Mehamn,NO,18.28,71.0357,27.8492,88,44,10.31
1802204,Luancheng,CN,28.56,37.8792,114.6517,45,0,1.61
897045,Solwezi,ZM,61.57,-12.1688,26.3894,97,100,2.68
4035715,Avarua,CK,80.65,-21.2078,-159.775,83,20,14.97
2141305,Fayaoué,NC,83.79,-20.65,166.5333,83,100,28.45
2634739,Warrington,GB,43.45,53.3925,-2.5802,81,100,12.66
709248,Fastiv,UA,35.82,50.0767,29.9177,98,100,12.39
501847,Rochegda,RU,22.6,62.8,43.25,96,100,6.38
548478,Kirillov,RU,20.95,59.863,38.3813,96,92,5.35
2120769,Talaya,RU,-22.16,61.3833,152.75,84,81,0.83
494884,Shenkursk,RU,24.85,62.1091,42.896,94,100,8.21
6180550,Whitehorse,CA,42.03,60.7161,-135.0538,60,20,12.66
1649150,Bengkulu,ID,76.66,-3.8004,102.2655,67,100,3.62
4019085,Ahualulco del Sonido Trece,MX,62.42,22.4,-101.1667,32,5,6.2
1068670,Bealanana,MG,64.71,-14.55,48.7333,98,100,0.51
534313,Lomovka,RU,-4.88,53.9194,58.3672,100,98,1.74
1816751,Beidao,CN,23.83,34.5686,105.8933,81,100,2.91
3361934,Saldanha,ZA,62.65,-33.0117,17.9442,92,25,2.62
2176639,Batemans Bay,AU,88.99,-35.7167,150.1833,50,6,8.72
3663475,Maraã,BR,72.79,-1.8333,-65.3667,98,100,2.17
1278969,Along,IN,52.59,28.1667,94.7667,95,99,1.59
2128975,Nemuro,JP,18.03,43.3236,145.575,71,7,5.01
235191,Amudat,UG,68.27,1.95,34.95,40,21,3.29
1606030,Surin,TH,77.23,14.8818,103.4936,99,20,8.68
154097,Mgandu,TZ,60.57,-5.95,34.1333,94,100,1.14
1847947,Shingū,JP,50.99,33.7333,135.9833,83,100,5.91
949683,Thabazimbi,ZA,72.21,-24.5917,27.4116,61,68,2.62
3896924,Cañete,CL,57.7,-37.8,-73.4,80,49,8.61
3461408,Ilhéus,BR,82.22,-14.7889,-39.0494,78,40,5.75
3440791,Getulio Vargas,UY,64.33,-32.6796,-53.5494,73,0,7.87
1630789,Pontianak,ID,75.18,-0.0333,109.3333,94,40,3.44
1850523,Tateyama,JP,41.27,34.9833,139.8667,90,100,19.75
2649089,Gardenstown,GB,36.09,57.671,-2.336,73,100,20.27
5970873,Hare Bay,CA,34.95,48.8499,-54.0148,93,100,12.26
2020812,Lesozavodsk,RU,12.27,45.4794,133.4244,90,100,1.23
2641434,Northam,GB,46.02,51.0333,-4.2167,93,100,9.04
2396518,Port-Gentil,GA,81.18,-0.7193,8.7815,80,100,6.49
2655315,Blyth,GB,39.36,55.1271,-1.5086,79,20,8.05
2980080,Saint-François,FR,35.67,46.4154,3.9054,86,0,3.44
2139521,Noumea,NC,84.99,-22.2763,166.4572,99,100,18.7
1278899,Amarpātan,IN,52.39,24.3167,80.9833,94,1,4.68
1024312,Mocuba,MZ,70.61,-16.8392,36.9856,96,79,2.15
1637001,Biak,ID,81.57,-0.9131,122.8766,73,100,0.56
3440034,Tacuarembó,UY,64.09,-31.7333,-55.9833,47,0,4.27
2129003,Honchō,JP,26.83,41.8833,140.6833,63,75,3.44
5039537,North Mankato,US,28.99,44.1733,-94.0339,84,100,23.02
5942913,Dryden,CA,10.69,49.7833,-92.7503,72,100,9.22
3698359,Chicama,PE,68.54,-7.8447,-79.1469,68,71,4.25
3133983,Trofors,NO,36.75,65.5333,13.4063,85,57,19.1
364933,Umm Kaddadah,SD,62.47,13.6017,26.6876,19,0,14.97
3939761,Hualmay,PE,70.36,-11.0964,-77.6139,81,47,7.96
2768811,Pinkafeld,AT,41.47,47.3667,16.1167,83,8,1.99
642455,Pedersore,FI,29.89,63.65,22.6833,84,100,13.44
2094027,Kieta,PG,85.39,-6.2167,155.6333,72,43,7.2
2206357,Opunake,NZ,78.85,-39.4556,173.8583,71,100,18.81
3175096,Laas,IT,51.26,46.6166,10.7002,33,16,3.22
2278158,Buchanan,LR,78.4,5.8808,-10.0467,86,9,3.62
1529651,Altay,CN,5.34,47.8667,88.1167,95,100,3.69
304919,Malatya Province,TR,37.45,38.5,38.0,93,100,12.66
2128025,Shizunai-furukawachō,JP,26.49,42.3339,142.3669,57,4,1.45
2122605,Okhotsk,RU,10.42,59.3833,143.3,77,100,9.93
3386467,Terra Santa,BR,74.28,-2.1042,-56.4869,95,100,0.58
3374210,São Filipe,CV,76.37,14.8961,-24.4956,59,97,4.25
3438064,General José Eduvigis Díaz,PY,84.24,-27.1667,-58.4167,30,0,6.62
3693584,Pimentel,PE,71.4,-6.8367,-79.9342,76,100,10.49
2643044,Margate,GB,48.96,51.3813,1.3862,86,100,3.0
1267390,Kavaratti,IN,79.97,10.5669,72.642,72,100,15.08
2022129,Kichera,RU,-11.4,55.9375,110.0997,84,33,6.55
4004293,Ixtapa,MX,74.43,20.7,-105.2,64,0,12.66
1082243,Ambilobe,MG,73.98,-13.2,49.05,97,100,1.74
3155152,Gravdal,NO,37.42,68.1214,13.5031,80,100,25.39
515879,Oktyabr'skiy,RU,17.58,54.4815,53.471,89,100,12.1
1636426,Manggar,ID,78.6,-2.8833,108.2667,83,100,9.24
2065594,Mount Isa,AU,89.37,-20.7333,139.5,51,76,8.05
3440777,Rocha,UY,61.48,-34.4833,-54.3333,84,0,6.29
3441890,Departamento de Maldonado,UY,69.19,-34.6667,-54.9167,81,12,8.23
1259385,Port Blair,IN,78.84,11.6667,92.75,78,20,9.22
3435261,Concordia,AR,72.16,-31.393,-58.0209,39,0,5.79
1215502,Banda Aceh,ID,77.59,5.5577,95.3222,83,100,6.17
3939168,Huarmey,PE,71.67,-10.0681,-78.1522,78,100,7.0
2112802,Hasaki,JP,39.6,35.7333,140.8333,81,100,14.56
3230781,Hella,NO,33.94,67.2,14.4333,89,75,18.41
2109701,Auki,SB,82.11,-8.7676,160.7034,84,99,10.56
4969398,Lewiston,US,37.22,44.1003,-70.2148,84,0,5.75
1510689,Baykit,RU,-15.52,61.67,96.37,98,91,2.08
2138555,Poum,NC,81.34,-20.2333,164.0167,86,100,29.17
704422,Krasnoarmiys'k,UA,31.48,48.282,37.1758,97,100,10.18
475777,Vereshchagino,RU,22.62,58.0789,54.6557,92,100,14.25
3136690,Stokmarknes,NO,34.5,68.5646,14.9108,92,100,11.36
5557293,Sitka,US,42.69,57.0531,-135.33,87,100,19.57
3157799,Farsund,NO,40.95,58.0948,6.8047,9,100,23.53
1528998,Yumen,CN,20.61,40.2833,97.2,48,100,10.04
935214,Saint-Pierre,RE,74.88,-21.3393,55.4781,64,100,6.91
2062276,Roebourne,AU,86.25,-20.7833,117.1333,66,11,14.61
1519928,Kostanay,KZ,16.09,53.1667,63.5833,92,100,4.47
69559,Yarim,YE,50.25,14.298,44.3779,37,4,2.51
2974388,Arrondissement de Soissons,FR,41.2,49.3333,3.3333,91,32,6.55
1631637,Pemangkat,ID,74.48,1.1667,108.9667,93,100,2.53
5219585,Williamsport,US,44.62,41.2412,-77.0011,45,0,12.66
712515,Beloye,UA,31.64,48.4952,39.0505,93,100,8.88
3160100,Beian,NO,40.01,63.6559,9.5683,81,40,26.46
5554428,Ketchikan,US,46.87,55.3422,-131.6461,93,75,9.22
3374235,Sal Rei,CV,72.16,16.1833,-22.9167,80,100,9.8
1863997,Fukuechō,JP,48.56,32.6881,128.8419,71,75,4.61
3461370,Imbituba,BR,75.09,-28.24,-48.6703,86,67,4.85
415189,Aden,YE,76.03,12.7794,45.0367,68,20,18.41
1263752,Māngrol,IN,65.79,21.1167,70.1167,48,100,14.07
2447513,Arlit,NE,65.77,18.7369,7.3853,9,0,9.48
566165,Diveyevo,RU,16.21,55.0433,43.2418,97,100,3.47
5572400,Susanville,US,57.04,40.4163,-120.653,33,0,5.75
4031637,Lavrentiya,RU,-22.83,65.5833,-171.0,93,30,7.9
108410,Riyadh,SA,55.54,24.6877,46.7219,31,0,9.64
3893629,Coquimbo,CL,65.17,-29.9533,-71.3436,82,32,5.3
3105522,Bereda,ES,47.91,43.2686,-7.5406,97,18,2.59
3346821,Ondjiva,AO,68.83,-17.0667,15.7333,86,100,6.2
535839,Leshukonskoye,RU,17.62,64.8989,45.7622,93,100,9.19
1803331,Linxia Chengguanzhen,CN,18.07,35.6003,103.2064,92,100,3.65
2021017,Kysyl-Syr,RU,-38.88,63.8986,122.7617,100,97,1.83
1274984,Canning,IN,62.62,22.3189,88.6714,70,0,4.56
2020824,Lermontovka,RU,14.86,47.1453,134.3383,86,88,1.07
1234633,Moratuwa,LK,75.22,6.773,79.8816,79,100,8.14
3893726,Constitución,CL,58.82,-35.3333,-72.4167,85,0,8.57
3465059,Cubatão,BR,78.03,-23.895,-46.4253,26,69,3.71
4068590,Huntsville,US,53.4,34.7304,-86.5861,45,0,7.0
3517151,Santander Jiménez,MX,59.68,24.2167,-98.4667,64,6,9.84
2192362,Christchurch,NZ,71.91,-43.5333,172.6333,88,75,2.3
1714733,Dingle,PH,80.89,10.9995,122.6711,71,13,14.72
359792,Aswān,EG,55.27,24.0934,32.907,45,0,15.59
293842,Kiryat Gat,IL,48.88,31.61,34.7642,100,74,19.6
504371,Pshekhskaya,RU,30.72,44.696,39.7967,88,14,5.1
3437682,Natalicio Talavera,PY,72.46,-25.6333,-56.3,49,0,2.55
1853174,Sakaiminato,JP,40.98,35.55,133.2333,75,75,3.44
361291,Hurghada,EG,56.08,27.2574,33.8129,47,0,22.15
1214488,Meulaboh,ID,75.11,4.1363,96.1285,87,100,9.04
698479,Onufriyivka,UA,31.87,48.9072,33.4487,85,100,10.0
3864331,Bell Ville,AR,72.66,-32.6259,-62.6887,33,15,9.01
371745,Kutum,SD,54.79,14.2,24.6667,20,0,7.27
933077,Shakawe,BW,67.33,-18.3667,21.85,87,7,3.44
2038342,Beipiao,CN,22.6,41.7919,120.7792,59,2,1.01
1502073,Krasnosel'kup,RU,-12.35,65.7,82.4667,87,21,9.31
368246,Raja,SS,70.41,8.4596,25.678,23,7,4.97
2177069,Ballina,AU,80.78,-28.8667,153.5667,63,0,8.05
3006387,Semme,FR,43.21,46.1963,1.5007,91,87,6.98
2036055,Lishu,CN,24.67,43.3047,124.3278,72,14,5.14
2189343,Kaeo,NZ,77.32,-35.1,173.7833,83,100,9.98
2656847,Atherton,GB,42.89,53.5237,-2.4935,81,100,1.99
204405,Uvira,CD,72.03,-3.4067,29.1458,89,100,5.57
1061335,Mananjary,MG,75.45,-21.2167,48.3333,92,47,5.57
7341918,Moba,CN,26.83,33.2288,105.0179,81,100,3.53
1735634,Kuching,MY,75.42,1.55,110.3333,94,40,3.44
5954718,Flin Flon,CA,6.64,54.7682,-101.865,78,100,3.44
2173323,Bundaberg,AU,84.22,-24.85,152.35,55,40,12.66
4984075,Alpena,US,36.18,45.0617,-83.4327,86,100,6.91
2451778,San,ML,75.13,13.3034,-4.8956,12,0,9.24
5962442,Goderich,CA,37.2,43.7501,-81.7165,80,100,10.36
3430443,Necochea,AR,71.04,-38.5473,-58.7368,61,0,9.89
7082481,Khuzdar,PK,46.33,27.7384,66.6434,26,0,5.61
3416888,Grindavik,IS,23.47,63.8424,-22.4338,68,0,6.91
925789,Mulanje,MW,69.06,-16.0316,35.5,87,100,3.31
5369906,Malibu,US,86.56,34.005,-118.8101,11,0,16.24
5055787,Kirksville,US,42.75,40.1948,-92.5833,49,0,11.5
554482,Kagal'nitskaya,RU,31.73,46.8806,40.1466,85,75,5.48
1078553,Ampanihy,MG,70.54,-24.7,44.75,88,11,4.94
2396853,Omboué,GA,78.76,-1.5746,9.2618,89,100,4.47
3599575,Barillas,GT,64.74,15.8036,-91.3158,99,88,2.01
2017658,Preobrazheniye,RU,29.52,42.9019,133.9064,61,74,1.68
2132606,Samarai,PG,83.01,-10.6167,150.6667,68,87,11.52
370457,Maridi,SS,71.37,4.9158,29.4742,32,12,1.81
2090021,Namatanai,PG,84.78,-3.6667,152.4333,69,51,5.97
6148373,Sioux Lookout,CA,10.78,50.1001,-91.917,78,75,18.41
934322,Mahébourg,MU,74.25,-20.4081,57.7,75,90,4.81
3438735,Encarnación,PY,86.52,-27.3333,-55.9,35,0,4.61
2269594,Cascais,PT,58.51,38.6979,-9.4215,68,9,15.01
1498283,Mugur-Aksy,RU,-17.27,50.35,90.5,98,84,4.45
696292,Prymors'k,UA,36.34,46.7348,36.3443,89,100,10.2
2738381,Lata,PT,47.71,40.1629,-8.3327,68,51,3.76
1624725,Tarakan,ID,76.5,3.3,117.6333,94,75,1.14
3393692,Itarema,BR,78.57,-2.9248,-39.9167,75,12,9.04
1803267,Lishan,CN,38.59,31.8576,113.2951,80,1,4.72
5961564,Glace Bay,CA,31.57,46.1969,-59.957,84,100,10.36
4737094,Tomball,US,66.58,30.0972,-95.6161,41,0,5.75
64814,Bandarbeyla,SO,72.97,9.4942,50.8122,69,100,14.72
1805733,Jinchang,CN,21.65,38.4953,102.1739,52,93,2.21
1215498,Bandar,ID,72.43,2.05,99.75,97,100,1.23
1213821,Sigli,ID,77.34,5.3848,95.9609,81,100,4.05
1862505,Hirara,JP,68.27,24.8,125.2833,94,75,2.3
2271968,Aljezur,PT,52.39,37.3191,-8.8033,75,100,5.26
6323121,Florianópolis,BR,72.63,-27.6146,-48.5012,74,75,8.05
3628503,San Carlos,VE,79.39,9.6612,-68.5827,63,100,2.66
1788852,Xining,CN,15.24,36.6167,101.7667,92,100,0.72
3421193,Paamiut,GL,21.72,61.994,-49.6678,77,100,19.19
556268,Ostrovnoy,RU,23.72,68.0531,39.5131,87,100,20.65
1512019,Aksarka,RU,-0.42,66.5606,67.7975,99,95,7.96
352733,Marsá Maţrūḩ,EG,54.0,31.3525,27.2453,53,49,17.07
1337617,Muli,MV,80.94,2.9167,73.5667,76,39,8.84
1489822,Tegul'det,RU,-16.98,57.3064,88.1667,99,17,4.07
1168700,Ormara,PK,68.43,25.2088,64.6357,41,2,4.18
1651531,Ambon City,ID,82.54,-3.6954,128.1814,78,40,5.75
2446796,Bilma,NE,59.83,18.6853,12.9164,25,0,13.22
2511150,Santa Lucía,ES,61.92,27.9117,-15.5407,52,0,3.44
2130705,Akabira,JP,12.04,43.5514,142.0531,81,17,1.86
1497376,Nizhnyaya Tavda,RU,-1.55,57.6731,66.1725,98,48,6.11
3044835,Szászvár,HU,43.16,46.2767,18.3757,75,0,2.46
178202,Webuye,KE,61.83,0.6075,34.7697,56,22,5.99
2168305,Dubbo,AU,86.13,-32.25,148.6167,30,40,6.91
5374376,Monterey,US,74.97,36.2505,-121.2516,38,100,2.39
5991056,Kenora,CA,12.18,49.8167,-94.4337,79,100,10.36
